-- MySQL dump 10.13  Distrib 8.0.28, for macos12.0 (arm64)
--
-- Host: localhost    Database: test
-- ------------------------------------------------------
-- Server version	8.0.28

/*!40101 SET @OLD_CHARACTER_SET_CLIENT=@@CHARACTER_SET_CLIENT */;
/*!40101 SET @OLD_CHARACTER_SET_RESULTS=@@CHARACTER_SET_RESULTS */;
/*!40101 SET @OLD_COLLATION_CONNECTION=@@COLLATION_CONNECTION */;
/*!50503 SET NAMES utf8mb4 */;
/*!40103 SET @OLD_TIME_ZONE=@@TIME_ZONE */;
/*!40103 SET TIME_ZONE='+00:00' */;
/*!40014 SET @OLD_UNIQUE_CHECKS=@@UNIQUE_CHECKS, UNIQUE_CHECKS=0 */;
/*!40014 SET @OLD_FOREIGN_KEY_CHECKS=@@FOREIGN_KEY_CHECKS, FOREIGN_KEY_CHECKS=0 */;
/*!40101 SET @OLD_SQL_MODE=@@SQL_MODE, SQL_MODE='NO_AUTO_VALUE_ON_ZERO' */;
/*!40111 SET @OLD_SQL_NOTES=@@SQL_NOTES, SQL_NOTES=0 */;

--
-- Table structure for table `campgrounds`
--

DROP TABLE IF EXISTS `campgrounds`;
/*!40101 SET @saved_cs_client     = @@character_set_client */;
/*!50503 SET character_set_client = utf8mb4 */;
CREATE TABLE `campgrounds` (
  `id` int NOT NULL AUTO_INCREMENT,
  `description` varchar(255) NOT NULL,
  `price_per_day` float NOT NULL,
  `surface` float NOT NULL,
  `provided_services` varchar(100) NOT NULL,
  `allowed_equipments` varchar(100) NOT NULL,
  PRIMARY KEY (`id`)
) ENGINE=InnoDB AUTO_INCREMENT=301 DEFAULT CHARSET=utf8mb4 COLLATE=utf8mb4_0900_ai_ci;
/*!40101 SET character_set_client = @saved_cs_client */;

--
-- Dumping data for table `campgrounds`
--

LOCK TABLES `campgrounds` WRITE;
/*!40000 ALTER TABLE `campgrounds` DISABLE KEYS */;
INSERT INTO `campgrounds` VALUES (1,'Turkmenistan',6,4,'ELECTRICITY_ONLY','CAMPINGCAR'),(2,'Central African Republic',4,8,'NONE','CAMPINGCAR'),(3,'Latvia',9,1,'WATER_AND_ELECTRICITY','MOBILHOME'),(4,'Cambodia',3,3,'WATER_AND_ELECTRICITY','MOBILHOME'),(5,'Finland',9,8,'ELECTRICITY_ONLY','CAMPINGCAR'),(6,'Hungary',5,9,'WATER_AND_ELECTRICITY','MOBILHOME'),(7,'Canada',3,1,'WATER_AND_ELECTRICITY','MOBILHOME'),(8,'Marshall Islands',6,5,'WATER_ONLY','TENT'),(9,'Guinea-Bissau',3,4,'WATER_AND_ELECTRICITY','MOBILHOME'),(10,'Yemen',4,1,'WATER_AND_ELECTRICITY','MOBILHOME'),(11,'Sierra Leone',6,1,'NONE','CAMPINGCAR'),(12,'Turkey',6,2,'ELECTRICITY_ONLY','TENT'),(13,'Papua New Guinea',6,3,'ELECTRICITY_ONLY','TENT_AND_CAMPINGCAR'),(14,'Zimbabwe',9,3,'NONE','TENT'),(15,'Thailand',4,4,'WATER_ONLY','CAMPINGCAR'),(16,'Bahamas',1,2,'NONE','TENT_AND_CAMPINGCAR'),(17,'Solomon Islands',1,6,'ELECTRICITY_ONLY','TENT_AND_CAMPINGCAR'),(18,'Senegal',1,2,'WATER_AND_ELECTRICITY','MOBILHOME'),(19,'South Africa',5,9,'WATER_AND_ELECTRICITY','MOBILHOME'),(20,'Uruguay',9,5,'WATER_ONLY','CAMPINGCAR'),(21,'Poland',9,8,'NONE','TENT'),(22,'United Kingdom of Great Britain and Northern Ireland',7,9,'ELECTRICITY_ONLY','CAMPINGCAR'),(23,'Finland',7,2,'WATER_ONLY','CAMPINGCAR'),(24,'Benin',8,4,'WATER_AND_ELECTRICITY','CAMPINGCAR'),(25,'Mauritius',7,6,'WATER_ONLY','TENT_AND_CAMPINGCAR'),(26,'Armenia',8,3,'ELECTRICITY_ONLY','TENT_AND_CAMPINGCAR'),(27,'Cabo Verde',2,8,'NONE','CAMPINGCAR'),(28,'Palau',1,9,'NONE','CAMPINGCAR'),(29,'Venezuela (Bolivarian Republic of)',8,2,'WATER_ONLY','TENT'),(30,'Monaco',1,3,'WATER_AND_ELECTRICITY','MOBILHOME'),(31,'Austria',5,6,'ELECTRICITY_ONLY','TENT'),(32,'Turkmenistan',6,4,'ELECTRICITY_ONLY','CAMPINGCAR'),(33,'Comoros',4,4,'WATER_ONLY','TENT_AND_CAMPINGCAR'),(34,'Bangladesh',2,7,'WATER_ONLY','TENT'),(35,'Sao Tome and Principe',3,8,'ELECTRICITY_ONLY','TENT_AND_CAMPINGCAR'),(36,'Cuba',9,2,'NONE','TENT_AND_CAMPINGCAR'),(37,'Uganda',7,9,'WATER_ONLY','TENT'),(38,'Jamaica',8,4,'WATER_AND_ELECTRICITY','MOBILHOME'),(39,'Georgia',4,5,'WATER_ONLY','TENT'),(40,'Japan',4,8,'ELECTRICITY_ONLY','CAMPINGCAR'),(41,'Chile',1,5,'ELECTRICITY_ONLY','TENT'),(42,'Luxembourg',9,2,'NONE','CAMPINGCAR'),(43,'Timor-Leste',7,1,'WATER_AND_ELECTRICITY','MOBILHOME'),(44,'Switzerland',7,2,'ELECTRICITY_ONLY','CAMPINGCAR'),(45,'Samoa',7,3,'WATER_ONLY','CAMPINGCAR'),(46,'United States of America',7,4,'WATER_ONLY','TENT_AND_CAMPINGCAR'),(47,'Serbia',6,2,'NONE','CAMPINGCAR'),(48,'Yemen',3,2,'ELECTRICITY_ONLY','CAMPINGCAR'),(49,'Gabon',5,4,'WATER_AND_ELECTRICITY','TENT'),(50,'Netherlands',9,4,'WATER_AND_ELECTRICITY','MOBILHOME'),(51,'Malawi',2,1,'ELECTRICITY_ONLY','TENT'),(52,'Saudi Arabia',1,4,'WATER_AND_ELECTRICITY','MOBILHOME'),(53,'Bahamas',8,5,'WATER_AND_ELECTRICITY','MOBILHOME'),(54,'Cyprus',2,5,'WATER_ONLY','CAMPINGCAR'),(55,'Ireland',1,2,'WATER_AND_ELECTRICITY','MOBILHOME'),(56,'Brunei Darussalam',2,4,'ELECTRICITY_ONLY','TENT'),(57,'Uganda',1,9,'WATER_AND_ELECTRICITY','MOBILHOME'),(58,'Suriname',3,9,'ELECTRICITY_ONLY','CAMPINGCAR'),(59,'Nauru',2,5,'WATER_AND_ELECTRICITY','CAMPINGCAR'),(60,'Israel',1,2,'WATER_ONLY','CAMPINGCAR'),(61,'Hungary',5,8,'WATER_ONLY','TENT'),(62,'Mexico',2,4,'WATER_AND_ELECTRICITY','MOBILHOME'),(63,'Lesotho',5,8,'WATER_ONLY','TENT_AND_CAMPINGCAR'),(64,'South Africa',3,5,'WATER_AND_ELECTRICITY','MOBILHOME'),(65,'Kuwait',1,2,'WATER_AND_ELECTRICITY','MOBILHOME'),(66,'Hungary',3,1,'NONE','CAMPINGCAR'),(67,'Germany',3,5,'WATER_AND_ELECTRICITY','TENT'),(68,'Ireland',2,4,'WATER_AND_ELECTRICITY','MOBILHOME'),(69,'Thailand',3,8,'NONE','TENT_AND_CAMPINGCAR'),(70,'Thailand',2,6,'NONE','CAMPINGCAR'),(71,'Croatia',7,4,'ELECTRICITY_ONLY','CAMPINGCAR'),(72,'Korea, Republic of',4,1,'NONE','CAMPINGCAR'),(73,'Hungary',9,9,'ELECTRICITY_ONLY','CAMPINGCAR'),(74,'Macedonia, the former Yugoslav Republic of',7,9,'WATER_ONLY','TENT'),(75,'Myanmar',6,9,'WATER_AND_ELECTRICITY','MOBILHOME'),(76,'Antigua and Barbuda',6,7,'WATER_AND_ELECTRICITY','MOBILHOME'),(77,'Cambodia',1,7,'WATER_ONLY','TENT_AND_CAMPINGCAR'),(78,'Georgia',3,4,'WATER_AND_ELECTRICITY','MOBILHOME'),(79,'Albania',9,1,'WATER_ONLY','CAMPINGCAR'),(80,'Libya',8,3,'WATER_AND_ELECTRICITY','MOBILHOME'),(81,'New Zealand',7,3,'WATER_ONLY','TENT'),(82,'Ethiopia',8,2,'ELECTRICITY_ONLY','CAMPINGCAR'),(83,'Burundi',8,6,'WATER_ONLY','TENT_AND_CAMPINGCAR'),(84,'Turkey',8,7,'WATER_ONLY','TENT'),(85,'Egypt',6,2,'NONE','CAMPINGCAR'),(86,'Kyrgyzstan',5,5,'ELECTRICITY_ONLY','TENT_AND_CAMPINGCAR'),(87,'Malaysia',3,4,'NONE','TENT_AND_CAMPINGCAR'),(88,'Belize',2,3,'WATER_ONLY','CAMPINGCAR'),(89,'Saint Vincent and the Grenadines',3,6,'WATER_ONLY','CAMPINGCAR'),(90,'Seychelles',8,1,'WATER_AND_ELECTRICITY','TENT_AND_CAMPINGCAR'),(91,'Mexico',7,3,'ELECTRICITY_ONLY','CAMPINGCAR'),(92,'Qatar',2,7,'WATER_ONLY','TENT'),(93,'Cambodia',3,8,'WATER_AND_ELECTRICITY','CAMPINGCAR'),(94,'Iraq',8,4,'WATER_ONLY','TENT_AND_CAMPINGCAR'),(95,'Bulgaria',5,9,'WATER_AND_ELECTRICITY','MOBILHOME'),(96,'Tonga',2,5,'WATER_AND_ELECTRICITY','MOBILHOME'),(97,'Honduras',2,3,'ELECTRICITY_ONLY','TENT'),(98,'Bahamas',8,8,'WATER_AND_ELECTRICITY','MOBILHOME'),(99,'Bolivia (Plurinational State of)',2,4,'ELECTRICITY_ONLY','TENT'),(100,'Uzbekistan',9,6,'NONE','TENT'),(101,'Sao Tome and Principe',4,5,'ELECTRICITY_ONLY','TENT_AND_CAMPINGCAR'),(102,'Belgium',2,1,'WATER_AND_ELECTRICITY','MOBILHOME'),(103,'Eritrea',1,5,'WATER_AND_ELECTRICITY','MOBILHOME'),(104,'Saint Kitts and Nevis',3,4,'WATER_AND_ELECTRICITY','MOBILHOME'),(105,'Guinea-Bissau',9,5,'NONE','TENT_AND_CAMPINGCAR'),(106,'Moldova, Republic of',7,1,'NONE','CAMPINGCAR'),(107,'Egypt',4,8,'WATER_AND_ELECTRICITY','MOBILHOME'),(108,'Liberia',6,1,'WATER_AND_ELECTRICITY','MOBILHOME'),(109,'Iran (Islamic Republic of)',4,6,'WATER_AND_ELECTRICITY','CAMPINGCAR'),(110,'Brazil',4,1,'WATER_ONLY','TENT_AND_CAMPINGCAR'),(111,'Argentina',7,4,'ELECTRICITY_ONLY','TENT_AND_CAMPINGCAR'),(112,'Malaysia',6,1,'WATER_ONLY','TENT'),(113,'India',1,9,'NONE','TENT_AND_CAMPINGCAR'),(114,'Egypt',8,1,'NONE','TENT'),(115,'El Salvador',8,6,'NONE','CAMPINGCAR'),(116,'Seychelles',7,3,'ELECTRICITY_ONLY','CAMPINGCAR'),(117,'Palau',7,9,'WATER_AND_ELECTRICITY','TENT'),(118,'Mexico',7,9,'ELECTRICITY_ONLY','CAMPINGCAR'),(119,'Albania',8,3,'WATER_ONLY','TENT_AND_CAMPINGCAR'),(120,'Korea (Democratic People\'s Republic of)',5,3,'WATER_ONLY','CAMPINGCAR'),(121,'Liechtenstein',8,9,'WATER_ONLY','TENT_AND_CAMPINGCAR'),(122,'Kenya',6,8,'WATER_AND_ELECTRICITY','CAMPINGCAR'),(123,'Kyrgyzstan',5,5,'WATER_ONLY','TENT_AND_CAMPINGCAR'),(124,'Guatemala',2,5,'WATER_AND_ELECTRICITY','MOBILHOME'),(125,'Cameroon',2,6,'WATER_AND_ELECTRICITY','MOBILHOME'),(126,'Lao People\'s Democratic Republic',6,4,'ELECTRICITY_ONLY','TENT_AND_CAMPINGCAR'),(127,'Lithuania',6,3,'WATER_AND_ELECTRICITY','CAMPINGCAR'),(128,'Dominican Republic',3,1,'WATER_AND_ELECTRICITY','MOBILHOME'),(129,'Timor-Leste',1,9,'ELECTRICITY_ONLY','TENT'),(130,'Gabon',6,1,'WATER_AND_ELECTRICITY','MOBILHOME'),(131,'Cameroon',6,2,'WATER_AND_ELECTRICITY','MOBILHOME'),(132,'Iran (Islamic Republic of)',4,5,'WATER_AND_ELECTRICITY','MOBILHOME'),(133,'United Kingdom of Great Britain and Northern Ireland',7,4,'ELECTRICITY_ONLY','TENT_AND_CAMPINGCAR'),(134,'Tanzania, United Republic of',7,1,'NONE','CAMPINGCAR'),(135,'Saudi Arabia',8,3,'NONE','CAMPINGCAR'),(136,'Jordan',4,7,'ELECTRICITY_ONLY','CAMPINGCAR'),(137,'Switzerland',6,5,'WATER_AND_ELECTRICITY','MOBILHOME'),(138,'San Marino',9,2,'ELECTRICITY_ONLY','TENT_AND_CAMPINGCAR'),(139,'Iran (Islamic Republic of)',8,8,'WATER_AND_ELECTRICITY','MOBILHOME'),(140,'Syrian Arab Republic',6,7,'NONE','CAMPINGCAR'),(141,'Malawi',4,1,'WATER_AND_ELECTRICITY','MOBILHOME'),(142,'Slovenia',2,2,'ELECTRICITY_ONLY','TENT'),(143,'Iraq',1,1,'ELECTRICITY_ONLY','TENT'),(144,'Malawi',4,9,'ELECTRICITY_ONLY','CAMPINGCAR'),(145,'Kuwait',4,2,'NONE','TENT'),(146,'Trinidad and Tobago',7,3,'NONE','TENT'),(147,'Hungary',2,3,'WATER_AND_ELECTRICITY','MOBILHOME'),(148,'Cambodia',9,7,'WATER_AND_ELECTRICITY','MOBILHOME'),(149,'Senegal',2,8,'WATER_AND_ELECTRICITY','CAMPINGCAR'),(150,'Central African Republic',9,9,'NONE','TENT'),(151,'Madagascar',5,2,'ELECTRICITY_ONLY','TENT'),(152,'Marshall Islands',4,9,'WATER_ONLY','TENT'),(153,'Greece',3,1,'WATER_AND_ELECTRICITY','MOBILHOME'),(154,'Argentina',3,7,'ELECTRICITY_ONLY','CAMPINGCAR'),(155,'Central African Republic',2,3,'NONE','TENT'),(156,'Russian Federation',8,7,'ELECTRICITY_ONLY','CAMPINGCAR'),(157,'Samoa',7,5,'NONE','CAMPINGCAR'),(158,'Papua New Guinea',8,2,'WATER_AND_ELECTRICITY','MOBILHOME'),(159,'Liechtenstein',7,2,'WATER_AND_ELECTRICITY','MOBILHOME'),(160,'Poland',2,9,'WATER_ONLY','CAMPINGCAR'),(161,'Timor-Leste',4,8,'ELECTRICITY_ONLY','TENT_AND_CAMPINGCAR'),(162,'Iceland',5,6,'WATER_AND_ELECTRICITY','TENT'),(163,'Argentina',4,2,'WATER_AND_ELECTRICITY','CAMPINGCAR'),(164,'Honduras',8,8,'WATER_ONLY','CAMPINGCAR'),(165,'Bosnia and Herzegovina',7,4,'NONE','TENT'),(166,'Guinea-Bissau',4,9,'ELECTRICITY_ONLY','TENT_AND_CAMPINGCAR'),(167,'Mexico',6,9,'WATER_AND_ELECTRICITY','MOBILHOME'),(168,'Dominica',5,6,'ELECTRICITY_ONLY','CAMPINGCAR'),(169,'Tunisia',8,2,'WATER_AND_ELECTRICITY','CAMPINGCAR'),(170,'Uganda',7,7,'WATER_AND_ELECTRICITY','TENT_AND_CAMPINGCAR'),(171,'Viet Nam',7,9,'WATER_AND_ELECTRICITY','CAMPINGCAR'),(172,'Armenia',9,9,'WATER_AND_ELECTRICITY','TENT_AND_CAMPINGCAR'),(173,'Benin',6,7,'NONE','CAMPINGCAR'),(174,'Afghanistan',8,7,'ELECTRICITY_ONLY','CAMPINGCAR'),(175,'C√¥te d\'Ivoire',5,2,'NONE','TENT'),(176,'Saint Vincent and the Grenadines',7,7,'WATER_AND_ELECTRICITY','CAMPINGCAR'),(177,'Dominica',9,7,'WATER_AND_ELECTRICITY','TENT'),(178,'Lithuania',7,3,'WATER_AND_ELECTRICITY','MOBILHOME'),(179,'Vanuatu',8,5,'WATER_ONLY','CAMPINGCAR'),(180,'Mauritania',6,2,'WATER_AND_ELECTRICITY','CAMPINGCAR'),(181,'Tuvalu',7,3,'WATER_AND_ELECTRICITY','MOBILHOME'),(182,'Finland',2,4,'WATER_AND_ELECTRICITY','MOBILHOME'),(183,'Grenada',7,2,'NONE','CAMPINGCAR'),(184,'Iraq',2,6,'ELECTRICITY_ONLY','CAMPINGCAR'),(185,'Canada',9,9,'WATER_AND_ELECTRICITY','MOBILHOME'),(186,'Belize',4,7,'WATER_AND_ELECTRICITY','CAMPINGCAR'),(187,'Bosnia and Herzegovina',6,6,'WATER_AND_ELECTRICITY','TENT'),(188,'Belize',7,7,'WATER_AND_ELECTRICITY','TENT'),(189,'Czechia',7,4,'ELECTRICITY_ONLY','TENT_AND_CAMPINGCAR'),(190,'India',6,1,'ELECTRICITY_ONLY','CAMPINGCAR'),(191,'Bolivia (Plurinational State of)',6,5,'WATER_AND_ELECTRICITY','MOBILHOME'),(192,'Tuvalu',1,7,'WATER_AND_ELECTRICITY','MOBILHOME'),(193,'Moldova, Republic of',2,6,'WATER_ONLY','TENT_AND_CAMPINGCAR'),(194,'Viet Nam',8,6,'WATER_ONLY','TENT'),(195,'Eswatini',3,1,'WATER_AND_ELECTRICITY','CAMPINGCAR'),(196,'Timor-Leste',1,6,'WATER_ONLY','CAMPINGCAR'),(197,'Saint Kitts and Nevis',1,5,'ELECTRICITY_ONLY','TENT'),(198,'Burundi',5,2,'WATER_ONLY','TENT'),(199,'Tonga',5,7,'WATER_AND_ELECTRICITY','MOBILHOME'),(200,'Korea (Democratic People\'s Republic of)',7,5,'WATER_AND_ELECTRICITY','MOBILHOME'),(201,'Somalia',5,3,'NONE','TENT'),(202,'Cameroon',9,7,'NONE','TENT_AND_CAMPINGCAR'),(203,'C√¥te d\'Ivoire',4,4,'NONE','CAMPINGCAR'),(204,'Brunei Darussalam',7,1,'WATER_ONLY','TENT'),(205,'New Zealand',1,7,'ELECTRICITY_ONLY','CAMPINGCAR'),(206,'Madagascar',8,9,'ELECTRICITY_ONLY','TENT'),(207,'Marshall Islands',3,4,'WATER_ONLY','TENT_AND_CAMPINGCAR'),(208,'Malaysia',4,1,'NONE','CAMPINGCAR'),(209,'Argentina',6,1,'WATER_AND_ELECTRICITY','TENT_AND_CAMPINGCAR'),(210,'Saint Lucia',3,5,'WATER_AND_ELECTRICITY','MOBILHOME'),(211,'Morocco',8,9,'WATER_AND_ELECTRICITY','MOBILHOME'),(212,'Marshall Islands',3,9,'WATER_ONLY','CAMPINGCAR'),(213,'Romania',7,6,'WATER_AND_ELECTRICITY','TENT'),(214,'Venezuela (Bolivarian Republic of)',2,8,'WATER_AND_ELECTRICITY','TENT'),(215,'Jordan',9,6,'WATER_AND_ELECTRICITY','MOBILHOME'),(216,'C√¥te d\'Ivoire',3,1,'WATER_AND_ELECTRICITY','MOBILHOME'),(217,'Samoa',7,3,'ELECTRICITY_ONLY','TENT'),(218,'Mozambique',7,4,'WATER_ONLY','TENT_AND_CAMPINGCAR'),(219,'Denmark',9,3,'WATER_AND_ELECTRICITY','MOBILHOME'),(220,'Malawi',6,9,'WATER_AND_ELECTRICITY','MOBILHOME'),(221,'Comoros',8,4,'NONE','CAMPINGCAR'),(222,'Belize',5,3,'ELECTRICITY_ONLY','CAMPINGCAR'),(223,'Sweden',5,8,'NONE','CAMPINGCAR'),(224,'Sudan',9,2,'WATER_AND_ELECTRICITY','MOBILHOME'),(225,'Indonesia',5,1,'WATER_AND_ELECTRICITY','MOBILHOME'),(226,'Qatar',7,8,'NONE','TENT_AND_CAMPINGCAR'),(227,'Pakistan',8,7,'ELECTRICITY_ONLY','CAMPINGCAR'),(228,'Colombia',7,4,'WATER_ONLY','TENT'),(229,'Czechia',6,8,'WATER_AND_ELECTRICITY','MOBILHOME'),(230,'Uzbekistan',6,7,'WATER_AND_ELECTRICITY','CAMPINGCAR'),(231,'Nigeria',3,3,'NONE','CAMPINGCAR'),(232,'Singapore',2,6,'NONE','TENT_AND_CAMPINGCAR'),(233,'Turkmenistan',9,8,'WATER_ONLY','TENT'),(234,'Hungary',5,1,'ELECTRICITY_ONLY','CAMPINGCAR'),(235,'Iran (Islamic Republic of)',9,4,'WATER_ONLY','TENT'),(236,'Nicaragua',7,3,'WATER_AND_ELECTRICITY','TENT_AND_CAMPINGCAR'),(237,'Poland',3,7,'ELECTRICITY_ONLY','TENT'),(238,'Dominican Republic',2,2,'ELECTRICITY_ONLY','TENT_AND_CAMPINGCAR'),(239,'Chile',2,2,'NONE','CAMPINGCAR'),(240,'Korea (Democratic People\'s Republic of)',9,1,'WATER_ONLY','CAMPINGCAR'),(241,'Honduras',5,7,'WATER_AND_ELECTRICITY','MOBILHOME'),(242,'Bahrain',4,1,'WATER_AND_ELECTRICITY','CAMPINGCAR'),(243,'Syrian Arab Republic',5,4,'WATER_ONLY','CAMPINGCAR'),(244,'Iraq',2,8,'NONE','TENT_AND_CAMPINGCAR'),(245,'Slovenia',1,2,'WATER_AND_ELECTRICITY','TENT_AND_CAMPINGCAR'),(246,'Luxembourg',4,6,'ELECTRICITY_ONLY','TENT_AND_CAMPINGCAR'),(247,'Azerbaijan',8,9,'WATER_AND_ELECTRICITY','MOBILHOME'),(248,'Myanmar',1,1,'WATER_ONLY','TENT'),(249,'Greece',2,1,'ELECTRICITY_ONLY','TENT_AND_CAMPINGCAR'),(250,'Timor-Leste',2,2,'NONE','CAMPINGCAR'),(251,'Tonga',6,9,'WATER_AND_ELECTRICITY','TENT_AND_CAMPINGCAR'),(252,'Nicaragua',2,1,'ELECTRICITY_ONLY','CAMPINGCAR'),(253,'Brazil',3,3,'WATER_AND_ELECTRICITY','MOBILHOME'),(254,'Niger',6,6,'WATER_ONLY','CAMPINGCAR'),(255,'Japan',5,1,'ELECTRICITY_ONLY','TENT'),(256,'Malawi',9,3,'WATER_AND_ELECTRICITY','MOBILHOME'),(257,'Mongolia',1,5,'WATER_AND_ELECTRICITY','TENT'),(258,'Iceland',7,7,'ELECTRICITY_ONLY','CAMPINGCAR'),(259,'Estonia',6,2,'WATER_ONLY','CAMPINGCAR'),(260,'Australia',8,8,'NONE','TENT'),(261,'Greece',4,8,'WATER_AND_ELECTRICITY','CAMPINGCAR'),(262,'Lebanon',8,2,'ELECTRICITY_ONLY','TENT'),(263,'South Africa',8,1,'ELECTRICITY_ONLY','TENT_AND_CAMPINGCAR'),(264,'Bahamas',2,5,'NONE','TENT_AND_CAMPINGCAR'),(265,'Maldives',7,2,'WATER_AND_ELECTRICITY','MOBILHOME'),(266,'Malta',6,7,'WATER_AND_ELECTRICITY','MOBILHOME'),(267,'Singapore',8,4,'WATER_ONLY','TENT'),(268,'Lao People\'s Democratic Republic',3,3,'ELECTRICITY_ONLY','CAMPINGCAR'),(269,'Vanuatu',6,6,'WATER_AND_ELECTRICITY','MOBILHOME'),(270,'Algeria',6,8,'WATER_ONLY','TENT_AND_CAMPINGCAR'),(271,'Turkmenistan',9,5,'ELECTRICITY_ONLY','CAMPINGCAR'),(272,'Armenia',4,9,'WATER_AND_ELECTRICITY','CAMPINGCAR'),(273,'Maldives',6,5,'NONE','TENT'),(274,'Bosnia and Herzegovina',3,6,'WATER_AND_ELECTRICITY','TENT'),(275,'Nicaragua',8,3,'WATER_AND_ELECTRICITY','MOBILHOME'),(276,'Turkey',7,4,'WATER_AND_ELECTRICITY','MOBILHOME'),(277,'C√¥te d\'Ivoire',6,9,'ELECTRICITY_ONLY','TENT_AND_CAMPINGCAR'),(278,'Czechia',7,4,'WATER_ONLY','CAMPINGCAR'),(279,'Barbados',1,9,'WATER_ONLY','TENT'),(280,'Egypt',3,7,'ELECTRICITY_ONLY','TENT_AND_CAMPINGCAR'),(281,'Portugal',2,3,'ELECTRICITY_ONLY','TENT'),(282,'Cuba',8,3,'NONE','TENT'),(283,'Solomon Islands',4,9,'WATER_AND_ELECTRICITY','MOBILHOME'),(284,'Russian Federation',1,6,'WATER_AND_ELECTRICITY','TENT'),(285,'Madagascar',2,6,'WATER_ONLY','TENT_AND_CAMPINGCAR'),(286,'Malawi',4,6,'WATER_AND_ELECTRICITY','MOBILHOME'),(287,'Tonga',2,6,'WATER_ONLY','TENT'),(288,'Slovenia',9,1,'NONE','CAMPINGCAR'),(289,'Finland',7,1,'NONE','CAMPINGCAR'),(290,'Denmark',1,2,'WATER_AND_ELECTRICITY','MOBILHOME'),(291,'Bahrain',7,9,'WATER_AND_ELECTRICITY','MOBILHOME'),(292,'Congo, Democratic Republic of the',8,9,'ELECTRICITY_ONLY','TENT_AND_CAMPINGCAR'),(293,'Sweden',7,7,'WATER_AND_ELECTRICITY','CAMPINGCAR'),(294,'Solomon Islands',2,7,'WATER_AND_ELECTRICITY','CAMPINGCAR'),(295,'Jordan',9,1,'WATER_ONLY','CAMPINGCAR'),(296,'Bahamas',3,9,'WATER_AND_ELECTRICITY','CAMPINGCAR'),(297,'Israel',6,8,'WATER_AND_ELECTRICITY','MOBILHOME'),(298,'Equatorial Guinea',3,1,'WATER_AND_ELECTRICITY','MOBILHOME'),(299,'Ireland',4,2,'WATER_AND_ELECTRICITY','MOBILHOME'),(300,'Grenada',1,9,'WATER_AND_ELECTRICITY','MOBILHOME');
/*!40000 ALTER TABLE `campgrounds` ENABLE KEYS */;
UNLOCK TABLES;

--
-- Table structure for table `clients`
--

DROP TABLE IF EXISTS `clients`;
/*!40101 SET @saved_cs_client     = @@character_set_client */;
/*!50503 SET character_set_client = utf8mb4 */;
CREATE TABLE `clients` (
  `id` int NOT NULL AUTO_INCREMENT,
  `name` varchar(255) NOT NULL,
  `first_name` varchar(255) NOT NULL,
  `preferences` varchar(255) DEFAULT NULL,
  `addresse` varchar(255) NOT NULL,
  `phone` varchar(255) NOT NULL,
  PRIMARY KEY (`id`),
  UNIQUE KEY `name` (`name`,`first_name`)
) ENGINE=InnoDB AUTO_INCREMENT=151 DEFAULT CHARSET=utf8mb4 COLLATE=utf8mb4_0900_ai_ci;
/*!40101 SET character_set_client = @saved_cs_client */;

--
-- Dumping data for table `clients`
--

LOCK TABLES `clients` WRITE;
/*!40000 ALTER TABLE `clients` DISABLE KEYS */;
INSERT INTO `clients` VALUES (1,'Kedavra','Hit',NULL,'3153 Boyd Pines, Okunevaton, HI 42592','(434) 596-5811'),(2,'Sectumsempra','Krillin',NULL,'782 Towne Lights, Lake Karlymouth, OH 84495','1-780-034-8700'),(3,'Expelliarmus','Super',NULL,'1260 Klocko Creek, Alanmouth, ME 88520','276-907-3440'),(4,'Alohomora','Shenlong',NULL,'660 Sophia Circles, Davishaven, CO 21589-1046','1-909-319-6157'),(5,'Alohomora','Chaozu',NULL,'626 Leonel Summit, West Moises, WY 03444-2725','(794) 227-1373'),(6,'Accio','Freeza',NULL,'Suite 625 751 Quiana Plains, Pourosmouth, WI 58017-3937','009-292-0731'),(7,'Patronum','Piccolo',NULL,'Suite 894 582 Rhonda Green, New Caritaview, MN 22732-8613','1-613-163-3917'),(8,'Crucio','Whis',NULL,'Apt. 304 6626 Reilly Island, Elliottland, NY 24666','1-191-029-6973'),(9,'Leviosa','Goku',NULL,'Apt. 007 096 Considine Skyway, Ebertmouth, NM 06822','165-248-0713'),(10,'Kedavra','Pilaf',NULL,'Suite 607 0570 Corkery Crest, New Jessie, IL 09764-7912','1-964-958-2025'),(11,'Alohomora','Cooler',NULL,'292 Jenkins Drive, South Arden, TX 03222','664-178-1225'),(12,'Lumos','Vados',NULL,'Suite 141 57346 Cathleen Crossroad, Port Benjamin, AK 90763-4828','1-679-691-5485'),(13,'Obliviate','Ryan',NULL,'Apt. 849 8168 Lowe Ways, South Desireefort, WY 67019','1-425-767-2999'),(14,'Reparo','Bardock',NULL,'Suite 177 19860 Cornelia Causeway, West Danita, DE 59239-0845','195.851.7222'),(15,'Reparo','Super',NULL,'Apt. 497 20524 Greenfelder Square, East Royce, ME 31568-5665','545-399-2598'),(16,'Leviosa','Videl',NULL,'Suite 927 01023 Forrest Villages, Lake Andrewside, CT 87069-1427','891-156-0543'),(17,'Accio','Baby',NULL,'Suite 944 3333 Leeanne Harbors, Port Letishaland, SC 23203-2569','(322) 556-8600'),(18,'Lumos','Cell',NULL,'33144 Maddie Rest, East Deshawn, ME 31483-9030','035.682.2776'),(19,'Kedavra','Mr.',NULL,'60168 Douglas Trace, Larkinborough, NM 39264-2902','607.326.8094'),(20,'Alohomora','Kami',NULL,'Suite 847 9646 Ora Tunnel, Goyettemouth, CA 25599','(356) 444-0854'),(21,'Stupefy','Shenron',NULL,'Suite 653 15300 Porter River, West Rosana, CA 07680','(043) 438-0919'),(22,'Sectumsempra','Raditz',NULL,'75104 Koss Tunnel, Gwendolynview, AR 93861','187-536-5842'),(23,'Patronum','San',NULL,'Apt. 753 33422 Tynisha Street, West Daiseytown, OK 48885','1-860-625-9006'),(24,'Revelio','Kami',NULL,'8097 Vonda Garden, Johnstonbury, MO 73679','(628) 701-8537'),(25,'Sectumsempra','Garlic',NULL,'004 Predovic Shores, Mikefort, FL 63526-3275','1-813-446-8871'),(26,'Leviosa','Uh',NULL,'Apt. 234 38586 Rashad Fork, Kittyberg, AZ 20930-1288','(155) 848-4033'),(27,'Expelliarmus','Mystic',NULL,'4421 Werner Coves, West Jerri, NH 09130-7578','(989) 931-9173'),(28,'Sectumsempra','King',NULL,'05581 Weimann Radial, Lake Kyraview, GA 89013','377.520.6715'),(29,'Obliviate','Super',NULL,'Apt. 486 014 Danita Manors, Lake Lurline, AR 86856','559.863.3730'),(30,'Crucio','Android',NULL,'Suite 277 456 Farrell Plaza, Emardburgh, CA 74104','760.613.5115'),(31,'Confundo','Zamasu',NULL,'Suite 389 469 Wintheiser Gardens, Port Efrenshire, MN 25251-3387','108.435.4164'),(32,'Sectumsempra','Hit',NULL,'6335 Tana Hill, Staciamouth, KY 67840-1039','(755) 738-1649'),(33,'Sectumsempra','Zarbon',NULL,'Apt. 588 901 Carry Walk, Prestonport, NJ 22684-0652','160.809.3692'),(34,'Riddikulus','Baby',NULL,'Apt. 528 6225 Jenkins Mount, Gradyshire, SD 71857','659-640-0537'),(35,'Patronum','Gohan',NULL,'215 Lueilwitz Stream, Mickeyfurt, WV 64957-0078','(986) 270-2061'),(36,'Sectumsempra','Videl',NULL,'8533 Lindgren Well, Ethylland, AL 48997-9900','(063) 668-5862'),(37,'Leviosa','Super',NULL,'Apt. 266 9548 Mueller Drives, South Stacey, IA 30410','352.124.3425'),(38,'Crucio','Zamasu',NULL,'Suite 181 253 Roxanna Ville, Lake Daria, TN 68027','939.430.8384'),(40,'Lumos','Android',NULL,'775 McClure Lake, Douglasstad, ND 31137-5256','(598) 169-6543'),(41,'Riddikulus','Krillin',NULL,'Apt. 329 432 Raymundo Radial, Denesikfort, CT 23961-1422','(425) 640-9915'),(42,'Riddikulus','Pan',NULL,'Apt. 121 3808 Beahan Port, Sharmaineport, OR 68018','(815) 543-0981'),(43,'Stupefy','Super',NULL,'0003 Kshlerin Terrace, Lake Hueshire, ND 47671-2216','382-816-8782'),(44,'Leviosa','Piccolo',NULL,'Apt. 069 103 Lauren Isle, Runolfsdottirside, TN 16722','605.859.7364'),(45,'Obliviate','Captain',NULL,'74924 Josef Streets, Handshire, NE 01804','554-228-4337'),(46,'Revelio','Android',NULL,'Suite 959 341 Loraine Vista, Yundtville, IN 95286','630-625-4612'),(47,'Alohomora','Ryan',NULL,'800 Von Squares, Carolinshire, NJ 24699-9870','982.352.7855'),(48,'Leviosa','Mr.',NULL,'Apt. 736 932 Hollis Vista, South Rodrigofurt, RI 23779','1-067-578-2784'),(49,'Sectumsempra','Pan',NULL,'77110 McGlynn Manors, North Erasmofurt, DE 12355-8833','867-906-5811'),(51,'Sectumsempra','Dende',NULL,'Apt. 194 17826 Hagenes Overpass, Stantonborough, VA 60182','(148) 243-3738'),(52,'Lumos','Baba',NULL,'Apt. 259 47049 Abernathy Burg, North Latishaton, PA 81662','440.296.4468'),(53,'Revelio','Bra',NULL,'193 Jere Club, Sashafort, AL 78997','1-681-022-0007'),(54,'Accio','Goku',NULL,'Suite 182 31495 Arletha Bridge, North Oswaldostad, MO 11508-3562','1-214-194-3492'),(55,'Riddikulus','Super',NULL,'Suite 172 6603 Noreen Viaduct, Peggyfurt, ND 80437-0917','(470) 658-7113'),(56,'Riddikulus','Baba',NULL,'1844 Sharri Ports, Lake Shayburgh, PA 65753-8398','1-969-319-8070'),(57,'Reparo','Mr.',NULL,'52371 Eugene Plaza, East Stantown, UT 31431','1-834-713-3667'),(58,'Kedavra','Krillin',NULL,'8883 DuBuque Land, Larkinhaven, TN 90294-4040','663-934-0846'),(59,'Kedavra','Goten',NULL,'17882 Schoen Islands, Lillianland, SC 24545-7937','670-144-5823'),(60,'Alohomora','Garlic',NULL,'77405 Lemke Prairie, East Wendiefort, AL 36636','(670) 875-0828'),(63,'Patronum','Freeza',NULL,'488 Haley Motorway, Balistreriton, NY 61145-0023','(680) 189-3090'),(64,'Leviosa','King',NULL,'Suite 592 80691 Schoen Route, Millerberg, OR 78128-2684','(381) 298-0437'),(65,'Obliviate','Gohan',NULL,'Suite 169 40183 Loura Stravenue, South Tamikaburgh, MT 13830-6140','(149) 596-8338'),(66,'Revelio','Super',NULL,'29009 O\'Conner Estates, Prohaskaport, KY 89232-2201','469-495-7401'),(67,'Obliviate','Grandpa',NULL,'Suite 602 245 Michel Streets, Tempiemouth, NJ 28844-5636','403-580-8056'),(68,'Lumos','Future',NULL,'424 Fadel Pine, Hintztown, LA 43489-2852','(477) 313-9749'),(69,'Patronum','Mr.',NULL,'68227 Hilma Burgs, Russelchester, WY 99781-6166','1-280-501-9375'),(70,'Lumos','Krillin',NULL,'699 Hoppe Viaduct, Port Markus, SD 74403','(242) 023-9633'),(71,'Alohomora','Champa',NULL,'9305 Gemma Greens, West Linetteborough, OH 79974-5894','287.506.1169'),(72,'Riddikulus','Goten',NULL,'Apt. 659 3920 Wallace Club, Kathernbury, OH 44227','1-164-605-3092'),(73,'Obliviate','Shenron',NULL,'Suite 691 90794 Dinah Branch, Sonyamouth, UT 73317','396-373-3404'),(74,'Sectumsempra','Tien',NULL,'Apt. 601 71696 Kayleigh Underpass, Friesenmouth, WV 42202-1806','(045) 243-6237'),(75,'Leviosa','Whis',NULL,'94949 Velma Place, Andersonstad, ME 06841-8065','415.092.1169'),(76,'Expelliarmus','Kid',NULL,'Suite 867 56085 Janina Skyway, Jasonton, OK 88595-7937','(183) 047-0882'),(77,'Revelio','Su',NULL,'7117 Hong Road, Novaton, WA 88927-6390','249.509.1417'),(78,'Obliviate','Dr.',NULL,'980 Sidney Summit, Bahringerville, MI 35273-4411','(563) 272-9697'),(79,'Patronum','Super',NULL,'Apt. 544 3739 Reatha Courts, Guillermotown, CA 14300','(264) 054-6813'),(81,'Riddikulus','Dende',NULL,'4803 Carole Course, West Tony, WY 37633-6425','(738) 107-9899'),(82,'Lumos','King',NULL,'Suite 314 1607 Tillman Canyon, Wyattview, AK 61039','109.198.6054'),(83,'Lumos','Piccolo',NULL,'Apt. 750 3451 Austin Field, Jaysonborough, IN 25140-5397','318.995.9230'),(84,'Expelliarmus','Guru',NULL,'Apt. 495 883 Wesley Plains, West Candida, IN 04313-9118','228.433.8472'),(85,'Reparo','Ryan',NULL,'Suite 292 0087 Von Light, Lenardtown, MT 58390-5181','123.365.2507'),(86,'Stupefy','Vegeta',NULL,'338 Pfeffer Squares, Port Greta, NC 98165-3559','586.682.4132'),(88,'Crucio','Piccolo',NULL,'Apt. 475 54122 Beahan Landing, Schadenview, ID 40302','872-034-6835'),(89,'Patronum','Goten',NULL,'39268 Cecille Manor, New Antonettestad, WA 84651-9768','622-956-5607'),(90,'Lumos','Super',NULL,'Apt. 141 204 Ouida Turnpike, Billyberg, MO 78183-4144','1-147-072-8171'),(93,'Stupefy','Android',NULL,'Apt. 647 11445 Davis Shores, West Patricia, AL 65230','964-866-9866'),(94,'Leviosa','Chi',NULL,'937 Hunter Manor, West Asley, RI 20989-8539','227-504-0580'),(95,'Patronum','Goku',NULL,'36239 Hector Brooks, Augustusfurt, DE 01284-0670','1-069-017-9444'),(96,'Accio','Majin',NULL,'Apt. 723 0394 Mohammad Village, Lake Reannashire, WY 52572-7537','(585) 786-0065'),(97,'Kedavra','Super',NULL,'Apt. 159 39981 Michael Fort, South Artborough, MO 21728-6238','1-973-943-4916'),(98,'Crucio','Caulifla',NULL,'7913 Gottlieb Crest, South Edward, KS 82368','1-479-008-5093'),(99,'Expelliarmus','Supreme',NULL,'Suite 426 144 Kary Summit, Port Emeritashire, SC 76206','602.806.4776'),(100,'Obliviate','Supreme',NULL,'38014 Emil Dam, Reynoldsshire, UT 76865','(403) 533-8449'),(101,'Alohomora','Bulma',NULL,'Suite 390 403 Arthur Shoals, West Eleanore, AR 83278','(627) 166-7272'),(102,'Obliviate','Champa',NULL,'82320 Sally Brook, North Tonyland, GA 19184','(660) 890-4939'),(103,'Obliviate','Bardock',NULL,'Apt. 643 438 McKenzie Extension, New Huey, NC 27006-3148','578.970.4803'),(104,'Confundo','Grandpa',NULL,'Apt. 532 609 Forest Prairie, Irwinview, NC 54000-6876','030-926-6955'),(105,'Reparo','Pan',NULL,'Suite 219 20308 Ed Ways, McCulloughview, DE 23293','099.203.4412'),(106,'Revelio','Ryuu',NULL,'Apt. 754 33561 Steuber Causeway, East Louville, CO 84984','(973) 320-7398'),(108,'Kedavra','Kid',NULL,'Suite 218 877 Tiara Walk, Port Thora, KY 91706','1-434-759-2602'),(109,'Accio','Su',NULL,'Apt. 966 4439 Brigette Summit, North Maxwell, TN 77221-5507','(701) 778-3600'),(110,'Kedavra','Ryan',NULL,'92983 Larson Street, Sammyhaven, AL 48483','247.166.7591'),(111,'Patronum','Android',NULL,'Apt. 513 2552 Leuschke Spurs, Renemouth, MS 86775-7434','937.265.1051'),(112,'Leviosa','San',NULL,'2842 Latasha Stravenue, South Blossom, ND 64758','537-807-5605'),(115,'Reparo','Ryuu',NULL,'415 Cristen Junctions, Kreigerstad, RI 00715-1412','402-650-2315'),(116,'Accio','Super',NULL,'03303 O\'Conner Brook, Galeville, CT 68447','073.311.3020'),(117,'Kedavra','Android',NULL,'Apt. 654 739 Shaun Fall, Bruenland, WA 64923','(281) 692-9142'),(119,'Leviosa','Majin',NULL,'08638 Bradtke Bypass, Lehnershire, LA 19507-8829','1-498-238-2184'),(120,'Patronum','Cell',NULL,'Apt. 619 16149 Mante Trail, Sipesstad, SD 05856-6076','710.494.0739'),(121,'Expelliarmus','Broly',NULL,'Suite 331 3340 Dennis Meadows, West Sethborough, SD 17378','579-986-6349'),(123,'Obliviate','Hit',NULL,'6264 Crona Park, New Pansystad, AK 14469','163.715.1495'),(124,'Confundo','Mystic',NULL,'43858 Dionna Knoll, Vitoborough, UT 29698','1-262-925-2564'),(125,'Obliviate','Goku',NULL,'Suite 142 3595 Collier Expressway, West Chelseyport, CO 47193-8581','1-028-465-3791'),(126,'Expelliarmus','Vegeta',NULL,'Suite 088 8358 Jed Spurs, North Emmettmouth, ME 77909','1-463-453-9697'),(127,'Lumos','Chaozu',NULL,'Suite 069 3035 Grant Lodge, New Kasiebury, MN 19545','187.842.2323'),(129,'Obliviate','Launch',NULL,'72072 Santos Crossroad, Isiahmouth, AZ 80960','(351) 107-2931'),(130,'Accio','Tien',NULL,'Apt. 525 901 Haley Island, East Rudolf, NH 06937-8669','(508) 311-5772'),(131,'Crucio','Grandpa',NULL,'Apt. 261 957 Shin Expressway, Suziport, WI 23449-9894','(874) 641-6819'),(133,'Revelio','Freeza',NULL,'Suite 118 326 Brakus Station, Walkertown, KS 30072-1228','(505) 106-3421'),(135,'Confundo','Majin',NULL,'Suite 031 5899 Russel Plain, Port Lauranview, NV 48926','1-476-925-2420'),(136,'Accio','Supreme',NULL,'Apt. 339 380 Swaniawski Ranch, Emilport, HI 43079-5703','(677) 767-6399'),(137,'Reparo','Grandpa',NULL,'00960 Dara Harbor, West Ismaelmouth, TN 01449','1-507-010-0281'),(138,'Accio','Vados',NULL,'73756 Rodriguez Brooks, West Alfredo, PA 62120-1044','671.923.0090'),(139,'Confundo','Mr.',NULL,'Suite 567 4357 Basil Lake, Kautzerhaven, MN 78676-3725','(783) 510-9834'),(140,'Obliviate','Gogeta',NULL,'2841 Edwina Mountain, Curtisfurt, HI 72787-7551','1-806-950-9692'),(141,'Lumos','Captain',NULL,'139 Mills Plain, Monicahaven, PA 94394-2781','(595) 242-1784'),(142,'Accio','Mystic',NULL,'67600 Wyman Locks, New Coreenchester, MI 06231-1750','615-732-9643'),(143,'Expelliarmus','Puar',NULL,'813 Janiece Gateway, East Robin, VT 79389','458-319-0793'),(144,'Patronum','Bulma',NULL,'353 Schaefer Camp, Ozziehaven, OK 45150-0614','371-113-5275'),(145,'Stupefy','Ryuu',NULL,'Suite 848 6642 Von Islands, South Jonellestad, MN 20228','903-184-3358'),(146,'Alohomora','Android',NULL,'2438 Justin Points, Roderickton, VT 72756-6964','707-814-1116'),(147,'Crucio','Guru',NULL,'Suite 339 990 Abernathy Cliffs, South Jamie, VT 78618-0044','012.810.8025'),(148,'Sectumsempra','Super',NULL,'35591 Lorinda Harbor, Considinefurt, HI 03004','1-311-404-6000'),(150,'Lumos','Kami',NULL,'Suite 963 9747 Hayden Green, Naderbury, WA 36553','872.827.0394');
/*!40000 ALTER TABLE `clients` ENABLE KEYS */;
UNLOCK TABLES;

--
-- Table structure for table `logs`
--

DROP TABLE IF EXISTS `logs`;
/*!40101 SET @saved_cs_client     = @@character_set_client */;
/*!50503 SET character_set_client = utf8mb4 */;
CREATE TABLE `logs` (
  `id` int NOT NULL AUTO_INCREMENT,
  `user_id` int NOT NULL,
  `message` varchar(255) NOT NULL,
  `time` datetime NOT NULL,
  `type` varchar(100) NOT NULL,
  PRIMARY KEY (`id`)
) ENGINE=InnoDB DEFAULT CHARSET=utf8mb4 COLLATE=utf8mb4_0900_ai_ci;
/*!40101 SET character_set_client = @saved_cs_client */;

--
-- Dumping data for table `logs`
--

LOCK TABLES `logs` WRITE;
/*!40000 ALTER TABLE `logs` DISABLE KEYS */;
/*!40000 ALTER TABLE `logs` ENABLE KEYS */;
UNLOCK TABLES;

--
-- Table structure for table `problems`
--

DROP TABLE IF EXISTS `problems`;
/*!40101 SET @saved_cs_client     = @@character_set_client */;
/*!50503 SET character_set_client = utf8mb4 */;
CREATE TABLE `problems` (
  `id` int NOT NULL AUTO_INCREMENT,
  `description` varchar(255) NOT NULL,
  `status` varchar(100) NOT NULL,
  `start_date` datetime NOT NULL,
  `end_date` datetime DEFAULT NULL,
  `last_update_date` datetime DEFAULT NULL,
  `client_id` int DEFAULT NULL,
  `campground_id` int DEFAULT NULL,
  `reservation_id` int DEFAULT NULL,
  PRIMARY KEY (`id`)
) ENGINE=InnoDB AUTO_INCREMENT=24 DEFAULT CHARSET=utf8mb4 COLLATE=utf8mb4_0900_ai_ci;
/*!40101 SET character_set_client = @saved_cs_client */;

--
-- Dumping data for table `problems`
--

LOCK TABLES `problems` WRITE;
/*!40000 ALTER TABLE `problems` DISABLE KEYS */;
INSERT INTO `problems` VALUES (1,'Nemo consequatur reiciendis doloremque accusantium vel nostrum.','SOLVED','2022-08-29 00:02:33','2022-03-13 21:58:30','2022-03-13 21:58:30',40,35,4),(2,'Quam itaque deleniti ad hic.','OPEN','2022-06-12 14:52:54',NULL,'2022-03-13 21:58:30',15,64,9),(3,'Debitis repudiandae aut quaerat voluptatum veritatis nisi.','SOLVED','2022-09-04 03:49:14','2022-03-13 21:58:30','2022-03-13 21:58:30',40,35,4),(4,'Est ut rerum fugit.','SOLVED','2022-09-14 18:43:42','2022-03-13 21:58:30','2022-03-13 21:58:30',10,1,5),(5,'Et similique enim assumenda.','OPEN','2022-07-24 14:28:03',NULL,'2022-03-13 21:58:30',45,95,18),(6,'Totam laboriosam maiores neque ut.','OPEN_URGENT','2022-02-24 06:55:19',NULL,'2022-03-13 21:58:30',NULL,89,NULL),(7,'Recusandae error harum qui omnis earum.','OPEN','2022-02-19 22:46:28',NULL,'2022-03-13 21:58:30',NULL,29,NULL),(8,'Et cupiditate recusandae voluptatem.','SOLVED','2022-03-12 11:07:42','2022-03-13 21:58:30','2022-03-13 21:58:30',NULL,43,NULL),(9,'Pariatur reiciendis quae blanditiis debitis dolor quod.','SOLVED','2022-03-08 07:45:27','2022-03-13 21:58:30','2022-03-13 21:58:30',1,NULL,NULL),(10,'Sapiente dolor non nam quia ipsam et.','OPEN_URGENT','2022-02-13 11:46:20',NULL,'2022-03-13 21:58:30',9,NULL,NULL),(11,'Provident et aspernatur reiciendis velit.','OPEN','2022-02-27 18:01:32',NULL,'2022-03-13 21:58:30',22,NULL,NULL),(12,'Velit perspiciatis quos consequuntur dolores aperiam autem.','OPEN','2022-07-09 07:33:36',NULL,'2022-03-14 22:01:08',25,70,1),(13,'Beatae alias vitae ea libero fugiat facilis.','SOLVED','2022-06-30 09:05:18','2022-03-14 22:01:08','2022-03-14 22:01:08',138,275,50),(14,'Corporis ad aut facere sed quo.','OPEN_URGENT','2022-08-06 14:30:18',NULL,'2022-03-14 22:01:08',3,12,13),(15,'Quam cumque incidunt numquam asperiores beatae autem.','OPEN','2022-10-12 08:21:03',NULL,'2022-03-14 22:01:08',33,254,55),(16,'Perspiciatis nobis et tempora non est impedit.','SOLVED','2022-05-02 02:13:56','2022-03-14 22:01:08','2022-03-14 22:01:08',60,140,47),(17,'Sit vel et qui aliquid maxime adipisci.','OPEN','2022-02-19 08:46:52',NULL,'2022-03-14 22:01:08',NULL,228,NULL),(18,'Ea nemo similique consequatur aspernatur corporis cupiditate laboriosam.','OPEN','2022-02-24 13:04:29',NULL,'2022-03-14 22:01:08',NULL,267,NULL),(19,'Est officia debitis omnis reiciendis sunt.','SOLVED','2022-02-25 04:41:12','2022-03-14 22:01:08','2022-03-14 22:01:08',NULL,257,NULL),(20,'Est atque sapiente autem impedit quis delectus debitis.','OPEN_URGENT','2022-02-28 15:02:59',NULL,'2022-03-14 22:01:08',124,NULL,NULL),(21,'Delectus eligendi autem iure cumque ipsa.','OPEN_URGENT','2022-02-27 20:58:12',NULL,'2022-03-14 22:01:08',147,NULL,NULL),(22,'Ducimus est itaque dignissimos et.','SOLVED','2022-03-04 03:29:57','2022-03-14 22:01:08','2022-03-14 22:01:08',127,NULL,NULL),(23,'Plus de riz','OPEN','2022-03-14 22:01:15',NULL,'2022-03-14 22:02:18',4,79,8);
/*!40000 ALTER TABLE `problems` ENABLE KEYS */;
UNLOCK TABLES;

--
-- Table structure for table `provider_bills`
--

DROP TABLE IF EXISTS `provider_bills`;
/*!40101 SET @saved_cs_client     = @@character_set_client */;
/*!50503 SET character_set_client = utf8mb4 */;
CREATE TABLE `provider_bills` (
  `id` int NOT NULL AUTO_INCREMENT,
  `billing_date` datetime NOT NULL,
  `provider_informations` varchar(255) NOT NULL,
  `price_amount` int NOT NULL,
  PRIMARY KEY (`id`)
) ENGINE=InnoDB DEFAULT CHARSET=utf8mb4 COLLATE=utf8mb4_0900_ai_ci;
/*!40101 SET character_set_client = @saved_cs_client */;

--
-- Dumping data for table `provider_bills`
--

LOCK TABLES `provider_bills` WRITE;
/*!40000 ALTER TABLE `provider_bills` DISABLE KEYS */;
/*!40000 ALTER TABLE `provider_bills` ENABLE KEYS */;
UNLOCK TABLES;

--
-- Table structure for table `reservations`
--

DROP TABLE IF EXISTS `reservations`;
/*!40101 SET @saved_cs_client     = @@character_set_client */;
/*!50503 SET character_set_client = utf8mb4 */;
CREATE TABLE `reservations` (
  `id` int NOT NULL AUTO_INCREMENT,
  `nb_persons` int NOT NULL,
  `cash_back` varchar(100) DEFAULT NULL,
  `deposit_date` datetime DEFAULT NULL,
  `payment_date` datetime DEFAULT NULL,
  `start_date` datetime NOT NULL,
  `end_date` datetime NOT NULL,
  `canceled` tinyint(1) NOT NULL DEFAULT '0',
  `selected_services` varchar(100) NOT NULL DEFAULT 'NONE',
  `equipments` varchar(100) NOT NULL,
  `client_id` int NOT NULL,
  `campground_id` int NOT NULL,
  PRIMARY KEY (`id`)
) ENGINE=InnoDB AUTO_INCREMENT=58 DEFAULT CHARSET=utf8mb4 COLLATE=utf8mb4_0900_ai_ci;
/*!40101 SET character_set_client = @saved_cs_client */;

--
-- Dumping data for table `reservations`
--

LOCK TABLES `reservations` WRITE;
/*!40000 ALTER TABLE `reservations` DISABLE KEYS */;
INSERT INTO `reservations` VALUES (1,2,'NONE',NULL,NULL,'2022-07-09 06:50:40','2022-07-10 05:06:58',0,'NONE','CAMPINGCAR',25,70),(2,2,'TWENTY_PERCENT','2022-02-09 06:47:35',NULL,'2022-06-01 13:20:17','2022-06-09 16:21:05',0,'NONE','CAMPINGCAR',38,89),(3,3,'THIRTY_PERCENT','2022-01-24 04:52:08',NULL,'2022-04-10 15:27:51','2022-05-07 02:45:32',0,'WATER_AND_ELECTRICITY','MOBILHOME',35,98),(4,1,'NONE','2022-02-14 06:40:55',NULL,'2022-08-25 07:29:02','2022-09-07 12:15:02',0,'ELECTRICITY_ONLY','TENT',40,35),(5,4,'TWENTY_PERCENT','2022-02-05 03:13:37',NULL,'2022-09-11 01:04:18','2022-09-19 13:08:27',0,'NONE','CAMPINGCAR',10,1),(6,2,'FIFTY_PERCENT',NULL,NULL,'2022-04-18 03:47:03','2022-04-21 15:42:06',0,'NONE','TENT',27,56),(7,1,'THIRTY_PERCENT',NULL,NULL,'2022-04-06 01:06:25','2022-04-15 06:37:36',0,'WATER_ONLY','TENT',23,39),(8,4,'NONE',NULL,NULL,'2022-07-14 09:57:00','2022-07-20 19:38:42',0,'WATER_ONLY','CAMPINGCAR',4,79),(9,4,'THIRTY_PERCENT','2022-01-27 16:53:25',NULL,'2022-06-10 13:02:43','2022-06-15 05:39:14',0,'WATER_AND_ELECTRICITY','MOBILHOME',15,64),(10,2,'THIRTY_PERCENT',NULL,NULL,'2022-03-15 04:57:10','2022-04-13 04:51:08',0,'NONE','TENT',38,49),(11,3,'FIFTY_PERCENT','2022-01-22 23:56:43',NULL,'2022-09-09 12:19:02','2022-09-16 18:36:14',0,'NONE','CAMPINGCAR',9,36),(12,2,'THIRTY_PERCENT',NULL,NULL,'2022-04-23 09:17:46','2022-05-23 03:42:29',0,'NONE','CAMPINGCAR',43,32),(13,3,'TWENTY_PERCENT',NULL,NULL,'2022-08-01 00:47:21','2022-08-17 06:24:21',0,'NONE','TENT',3,12),(14,2,'NONE','2022-01-30 05:58:22',NULL,'2022-09-22 00:30:09','2022-09-28 11:00:44',0,'NONE','CAMPINGCAR',28,47),(15,4,'NONE','2022-03-05 10:18:42',NULL,'2022-06-01 10:44:45','2022-06-04 01:17:15',0,'WATER_AND_ELECTRICITY','MOBILHOME',37,80),(16,3,'FOURTY_PERCENT',NULL,NULL,'2022-06-10 05:24:21','2022-07-01 03:40:40',0,'NONE','TENT',26,21),(17,1,'TWENTY_PERCENT',NULL,NULL,'2022-09-22 09:05:35','2022-09-28 03:27:02',0,'NONE','CAMPINGCAR',22,48),(18,2,'FOURTY_PERCENT',NULL,NULL,'2022-07-24 00:03:14','2022-07-28 17:13:32',0,'WATER_AND_ELECTRICITY','MOBILHOME',45,95),(19,2,'TWENTY_PERCENT',NULL,NULL,'2022-05-04 18:27:36','2022-05-23 02:28:41',0,'WATER_AND_ELECTRICITY','MOBILHOME',22,68),(20,2,'TWENTY_PERCENT','2022-02-07 02:58:56',NULL,'2022-03-29 18:21:46','2022-04-21 00:46:48',0,'WATER_AND_ELECTRICITY','MOBILHOME',49,80),(21,1,'FOURTY_PERCENT',NULL,NULL,'2022-08-25 11:24:01','2022-09-20 10:05:01',0,'WATER_AND_ELECTRICITY','MOBILHOME',90,137),(22,3,'NONE','2022-02-06 09:01:55',NULL,'2022-03-23 02:18:52','2022-04-12 23:41:28',0,'WATER_AND_ELECTRICITY','MOBILHOME',5,178),(23,4,'NONE',NULL,NULL,'2022-04-30 15:36:31','2022-05-08 02:25:12',0,'ELECTRICITY_ONLY','TENT',74,166),(24,4,'THIRTY_PERCENT',NULL,NULL,'2022-08-30 15:52:36','2022-09-12 16:28:44',0,'NONE','CAMPINGCAR',22,42),(25,4,'TWENTY_PERCENT',NULL,NULL,'2022-05-10 05:41:03','2022-05-27 12:34:25',0,'NONE','TENT',28,39),(26,2,'TWENTY_PERCENT',NULL,NULL,'2022-06-03 10:09:23','2022-06-17 21:04:05',0,'WATER_AND_ELECTRICITY','MOBILHOME',99,53),(27,3,'FIFTY_PERCENT',NULL,NULL,'2022-07-17 19:51:55','2022-07-19 00:01:15',0,'WATER_AND_ELECTRICITY','MOBILHOME',98,10),(28,2,'THIRTY_PERCENT',NULL,NULL,'2022-07-03 15:11:18','2022-07-16 13:14:54',0,'NONE','CAMPINGCAR',27,118),(29,1,'THIRTY_PERCENT','2022-02-12 03:57:43',NULL,'2022-07-16 16:12:49','2022-07-31 10:04:59',0,'NONE','TENT',45,94),(30,3,'TWENTY_PERCENT','2022-02-21 02:39:31',NULL,'2022-06-13 23:17:59','2022-07-04 00:04:36',0,'NONE','CAMPINGCAR',7,136),(31,3,'NONE','2022-01-31 05:42:12',NULL,'2022-03-31 08:36:45','2022-04-20 19:36:49',0,'NONE','TENT_AND_CAMPINGCAR',85,105),(32,1,'FOURTY_PERCENT','2022-03-07 18:50:51',NULL,'2022-03-25 06:46:15','2022-04-11 09:25:43',0,'ELECTRICITY_ONLY','CAMPINGCAR',74,48),(33,4,'NONE','2022-03-05 02:36:31',NULL,'2022-08-17 10:28:34','2022-08-21 05:31:11',0,'NONE','CAMPINGCAR',47,40),(34,4,'FIFTY_PERCENT','2022-03-13 12:18:44',NULL,'2022-07-25 19:33:09','2022-08-11 05:41:04',0,'WATER_AND_ELECTRICITY','CAMPINGCAR',10,186),(35,3,'THIRTY_PERCENT','2022-03-05 17:18:04',NULL,'2022-09-01 05:03:10','2022-09-22 07:35:06',0,'ELECTRICITY_ONLY','CAMPINGCAR',3,111),(36,3,'FIFTY_PERCENT',NULL,NULL,'2022-07-04 12:21:34','2022-07-08 12:47:33',0,'WATER_AND_ELECTRICITY','MOBILHOME',86,153),(37,4,'THIRTY_PERCENT',NULL,NULL,'2022-06-04 04:06:37','2022-06-25 11:30:10',0,'ELECTRICITY_ONLY','TENT_AND_CAMPINGCAR',71,133),(38,1,'NONE','2022-02-08 11:33:19',NULL,'2022-08-23 06:37:16','2022-08-29 20:49:52',0,'NONE','CAMPINGCAR',147,85),(39,2,'THIRTY_PERCENT','2022-01-26 19:12:16',NULL,'2022-04-20 01:40:05','2022-04-29 18:11:44',0,'WATER_ONLY','CAMPINGCAR',85,278),(40,3,'FIFTY_PERCENT',NULL,NULL,'2022-05-12 12:46:29','2022-05-15 23:55:55',0,'WATER_AND_ELECTRICITY','MOBILHOME',75,220),(41,2,'THIRTY_PERCENT','2022-01-26 21:12:42',NULL,'2022-08-29 23:29:06','2022-09-03 23:57:44',0,'WATER_AND_ELECTRICITY','MOBILHOME',67,148),(42,4,'FOURTY_PERCENT','2022-02-17 01:59:53',NULL,'2022-06-25 14:29:53','2022-07-11 00:07:28',0,'WATER_AND_ELECTRICITY','MOBILHOME',66,18),(43,1,'NONE',NULL,NULL,'2022-05-30 01:16:43','2022-06-10 14:39:41',0,'NONE','TENT_AND_CAMPINGCAR',86,17),(44,1,'THIRTY_PERCENT',NULL,NULL,'2022-04-02 21:55:08','2022-04-05 03:23:06',0,'NONE','CAMPINGCAR',135,264),(45,2,'FOURTY_PERCENT',NULL,NULL,'2022-03-26 23:58:28','2022-04-16 10:32:33',0,'NONE','TENT',66,146),(46,3,'FOURTY_PERCENT',NULL,NULL,'2022-08-13 20:50:25','2022-09-03 20:16:23',0,'WATER_AND_ELECTRICITY','MOBILHOME',42,95),(47,2,'NONE',NULL,NULL,'2022-04-27 08:27:37','2022-05-12 18:54:30',0,'NONE','CAMPINGCAR',60,140),(48,1,'NONE','2022-02-13 06:23:23',NULL,'2022-05-01 20:37:38','2022-05-15 19:22:16',0,'NONE','CAMPINGCAR',116,232),(49,3,'FOURTY_PERCENT','2022-02-03 03:00:49',NULL,'2022-08-18 07:23:17','2022-08-24 02:17:58',0,'NONE','TENT',135,228),(50,2,'FIFTY_PERCENT','2022-01-31 14:32:35',NULL,'2022-06-28 05:01:38','2022-07-20 19:12:57',0,'WATER_AND_ELECTRICITY','MOBILHOME',138,275),(51,3,'TWENTY_PERCENT',NULL,NULL,'2022-08-23 23:56:08','2022-09-14 14:54:16',0,'NONE','TENT',88,155),(52,1,'THIRTY_PERCENT',NULL,NULL,'2022-03-31 15:40:40','2022-04-20 19:18:18',0,'NONE','TENT',56,273),(53,1,'FIFTY_PERCENT',NULL,NULL,'2022-05-17 18:51:04','2022-05-26 08:22:02',0,'WATER_AND_ELECTRICITY','MOBILHOME',6,9),(54,4,'FIFTY_PERCENT','2022-02-26 05:29:07',NULL,'2022-04-20 21:15:49','2022-05-03 20:13:26',0,'NONE','TENT',119,201),(55,4,'THIRTY_PERCENT',NULL,NULL,'2022-09-28 05:54:12','2022-10-21 13:09:43',0,'WATER_ONLY','CAMPINGCAR',33,254),(56,3,'THIRTY_PERCENT',NULL,NULL,'2022-08-21 00:39:22','2022-09-10 22:16:52',0,'NONE','TENT',11,238),(57,2,'FIFTY_PERCENT','2022-03-07 07:34:39',NULL,'2022-09-19 15:44:38','2022-09-20 07:35:17',0,'WATER_AND_ELECTRICITY','MOBILHOME',53,269);
/*!40000 ALTER TABLE `reservations` ENABLE KEYS */;
UNLOCK TABLES;

--
-- Table structure for table `stocks`
--

DROP TABLE IF EXISTS `stocks`;
/*!40101 SET @saved_cs_client     = @@character_set_client */;
/*!50503 SET character_set_client = utf8mb4 */;
CREATE TABLE `stocks` (
  `id` int NOT NULL AUTO_INCREMENT,
  `item` varchar(255) NOT NULL,
  `quantity` int NOT NULL,
  `quantity_alert_threshold` int NOT NULL,
  `storage_location` varchar(255) NOT NULL,
  PRIMARY KEY (`id`)
) ENGINE=InnoDB AUTO_INCREMENT=211 DEFAULT CHARSET=utf8mb4 COLLATE=utf8mb4_0900_ai_ci;
/*!40101 SET character_set_client = @saved_cs_client */;

--
-- Dumping data for table `stocks`
--

LOCK TABLES `stocks` WRITE;
/*!40000 ALTER TABLE `stocks` DISABLE KEYS */;
INSERT INTO `stocks` VALUES (1,'Kabutops',2,5,'Humilau City'),(2,'Rhydon',3,5,'Lavaridge Town'),(3,'Poliwrath',7,5,'Castelia City'),(4,'Goldeen',8,5,'Goldenrod City'),(5,'Wartortle',6,5,'Rustboro City'),(6,'Magikarp',1,5,'Nacrene City'),(7,'Venomoth',6,5,'Dewford Town'),(8,'Dewgong',3,5,'Cinnabar Island'),(9,'Squirtle',6,5,'Petalburg City'),(10,'Rhyhorn',8,5,'Dendemille Town'),(11,'Geodude',7,5,'Celestic Town'),(12,'Exeggcute',3,5,'Ever Grande City'),(13,'Tauros',8,5,'Littleroot Town'),(14,'Metapod',2,5,'Anville Town'),(15,'Pidgey',2,5,'Aspertia City'),(16,'Omanyte',2,5,'Lavender Town'),(17,'Sandshrew',4,5,'Five Island'),(18,'Sandshrew',9,5,'Lacunosa Town'),(19,'Weepinbell',9,5,'Ambrette Town'),(20,'Zapdos',3,5,'Coumarine City'),(21,'Cubone',5,5,'Olivine City'),(22,'Nidoran',4,5,'Petalburg City'),(23,'Staryu',2,5,'Sunyshore City'),(24,'Nidoran',2,5,'Sootopolis City'),(25,'Vulpix',7,5,'Three Island'),(26,'Machop',0,5,'Cinnabar Island'),(27,'Hitmonlee',3,5,'White Forest'),(28,'Dewgong',6,5,'Mossdeep City'),(29,'Staryu',1,5,'Pacifidlog Town'),(30,'Lapras',8,5,'Santalune City'),(31,'Starmie',8,5,'Striaton City'),(32,'Venomoth',4,5,'Blackthorn City'),(33,'Moltres',2,5,'Cianwood City'),(34,'Alakazam',7,5,'Mistralton City'),(35,'Tangela',0,5,'Sandgem Town'),(36,'Wartortle',5,5,'Blackthorn City'),(37,'Lapras',6,5,'Aquacorde Town'),(38,'Electabuzz',3,5,'Survival Area'),(39,'Parasect',0,5,'Hearthome City'),(40,'Hitmonchan',1,5,'Slateport City'),(41,'Hitmonchan',2,5,'Kiloude City'),(42,'Golduck',4,5,'Sandgem Town'),(43,'Gloom',2,5,'Mistralton City'),(44,'Flareon',4,5,'Geosenge Town'),(45,'Bellsprout',4,5,'Oreburgh City'),(46,'Rapidash',4,5,'White Forest'),(47,'Arbok',2,5,'Kiloude City'),(48,'Mr. Mime',6,5,'Survival Area'),(49,'Golbat',9,5,'Undella Town'),(50,'Oddish',1,5,'Laverre City'),(51,'Jynx',7,5,'Cherrygrove City'),(52,'Exeggutor',8,5,'New Bark Town'),(53,'Seel',5,5,'Safari Zone Gate'),(54,'Sandslash',7,5,'Two Island'),(55,'Hitmonlee',5,5,'Snowpoint City'),(56,'Pidgeotto',2,5,'Hearthome City'),(57,'Dugtrio',6,5,'Two Island'),(58,'Parasect',1,5,'Rustboro City'),(59,'Alakazam',2,5,'Anistar City'),(60,'Pidgeotto',8,5,'Lumiose City'),(61,'Venomoth',4,5,'Three Island'),(62,'Pikachu',6,5,'Undella Town'),(63,'Nidoran',0,5,'Dewford Town'),(64,'Haunter',0,5,'Violet City'),(65,'Eevee',9,5,'Pallet Town'),(66,'Raticate',5,5,'Cyllage City'),(67,'Gastly',7,5,'Nimbasa City'),(68,'Victreebel',9,5,'Santalune City'),(69,'Goldeen',4,5,'Sunyshore City'),(70,'Dewgong',3,5,'One Island'),(71,'Vaporeon',6,5,'Humilau City'),(72,'Jolteon',8,5,'Ecruteak City'),(73,'Porygon',7,5,'One Island'),(74,'Gengar',5,5,'Aquacorde Town'),(75,'Victreebel',8,5,'Cherrygrove City'),(76,'Mew',8,5,'Kiloude City'),(77,'Vileplume',3,5,'Ever Grande City'),(78,'Charizard',7,5,'Three Island'),(79,'Mankey',6,5,'Goldenrod City'),(80,'Zubat',2,5,'Azalea Town'),(81,'Vileplume',7,5,'Anville Town'),(82,'Graveler',7,5,'Lentimas Town'),(83,'Parasect',0,5,'Goldenrod City'),(84,'Poliwrath',3,5,'Virbank City'),(85,'Farfetch\'d',8,5,'Vaniville Town'),(86,'Poliwag',5,5,'Oreburgh City'),(87,'Poliwrath',5,5,'Three Island'),(88,'Electabuzz',9,5,'Olivine City'),(89,'Gyarados',4,5,'Safari Zone Gate'),(90,'Krabby',2,5,'Littleroot Town'),(91,'Omastar',7,5,'Striaton City'),(92,'Tentacruel',6,5,'Dewford Town'),(93,'Koffing',5,5,'Canalave City'),(94,'Psyduck',4,5,'Ever Grande City'),(95,'Dragonite',7,5,'Three Island'),(96,'Charmander',0,5,'Lacunosa Town'),(97,'Onix',7,5,'Accumula Town'),(98,'Zubat',4,5,'Opelucid City'),(99,'Geodude',4,5,'Oldale Town'),(100,'Dodrio',6,5,'Littleroot Town'),(101,'Jynx',5,5,'Pacifidlog Town'),(102,'Parasect',0,5,'Lumiose City'),(103,'Machop',2,5,'Sootopolis City'),(104,'Haunter',0,5,'Dendemille Town'),(105,'Poliwag',2,5,'Solaceon Town'),(106,'Persian',1,5,'Santalune City'),(107,'Slowbro',0,5,'Nuvema Town'),(108,'Squirtle',8,5,'Slateport City'),(109,'Staryu',2,5,'Petalburg City'),(110,'Poliwag',4,5,'Undella Town'),(111,'Growlithe',6,5,'Ever Grande City'),(112,'Voltorb',1,5,'Resort Area'),(113,'Electabuzz',0,5,'Fuchsia City'),(114,'Flareon',7,5,'Kiloude City'),(115,'Machoke',3,5,'Santalune City'),(116,'Nidorino',6,5,'Snowbelle City'),(117,'Dragonite',1,5,'Nuvema Town'),(118,'Mew',7,5,'Littleroot Town'),(119,'Magneton',2,5,'Three Island'),(120,'Venonat',3,5,'Oldale Town'),(121,'Dodrio',8,5,'Resort Area'),(122,'Jolteon',5,5,'Icirrus City'),(123,'Kabuto',2,5,'Fortree City'),(124,'Raticate',5,5,'Shalour City'),(125,'Gloom',7,5,'Ecruteak City'),(126,'Tangela',8,5,'Cyllage City'),(127,'Poliwrath',8,5,'Fuchsia City'),(128,'Staryu',7,5,'Nuvema Town'),(129,'Raichu',9,5,'Fuchsia City'),(130,'Seadra',3,5,'Lavaridge Town'),(131,'Dugtrio',3,5,'Anville Town'),(132,'Poliwag',0,5,'Castelia City'),(133,'Gloom',8,5,'Cerulean City'),(134,'Chansey',2,5,'Azalea Town'),(135,'Nidoking',5,5,'Coumarine City'),(136,'Bulbasaur',0,5,'Snowbelle City'),(137,'Drowzee',8,5,'Celestic Town'),(138,'Oddish',8,5,'Lavaridge Town'),(139,'Onix',8,5,'New Bark Town'),(140,'Mew',1,5,'Pallet Town'),(141,'Oddish',9,5,'Undella Town'),(142,'Lapras',9,5,'Nuvema Town'),(143,'Vaporeon',3,5,'Ambrette Town'),(144,'Seaking',1,5,'Lavender Town'),(145,'Mr. Mime',7,5,'Mahogany Town'),(146,'Rhyhorn',1,5,'Geosenge Town'),(147,'Graveler',8,5,'Littleroot Town'),(148,'Pikachu',1,5,'Lumiose City'),(149,'Kabutops',1,5,'Nimbasa City'),(150,'Dodrio',3,5,'Castelia City'),(151,'Hitmonchan',7,5,'Eterna City'),(152,'Ivysaur',5,5,'Fuchsia City'),(153,'Caterpie',2,5,'Geosenge Town'),(154,'Kangaskhan',3,5,'Safari Zone Gate'),(155,'Victreebel',2,5,'Blackthorn City'),(156,'Gloom',9,5,'One Island'),(157,'Metapod',1,5,'Verdanturf Town'),(158,'Venusaur',1,5,'Fight Area'),(159,'Pidgeot',1,5,'Ambrette Town'),(160,'Lickitung',5,5,'Coumarine City'),(161,'Poliwhirl',7,5,'Lumiose City'),(162,'Charmeleon',2,5,'Lavender Town'),(163,'Muk',9,5,'Mahogany Town'),(164,'Pidgeot',2,5,'Resort Area'),(165,'Nidorina',2,5,'Couriway Town'),(166,'Electrode',4,5,'Lumiose City'),(167,'Magneton',0,5,'Nacrene City'),(168,'Poliwag',2,5,'Dendemille Town'),(169,'Jigglypuff',9,5,'Pallet Town'),(170,'Hitmonlee',1,5,'Anistar City'),(171,'Mankey',7,5,'Dendemille Town'),(172,'Jigglypuff',0,5,'Castelia City'),(173,'Squirtle',7,5,'Undella Town'),(174,'Jigglypuff',1,5,'Lentimas Town'),(175,'Clefairy',5,5,'Aspertia City'),(176,'Alakazam',0,5,'Vermilion City'),(177,'Weedle',1,5,'Kiloude City'),(178,'Zubat',2,5,'Verdanturf Town'),(179,'Spearow',8,5,'Viridian City'),(180,'Kingler',6,5,'Six Island'),(181,'Hypno',4,5,'Safari Zone Gate'),(182,'Eevee',7,5,'Cianwood City'),(183,'Geodude',0,5,'Anistar City'),(184,'Mr. Mime',1,5,'New Bark Town'),(185,'Articuno',2,5,'Anville Town'),(186,'Shellder',5,5,'Cyllage City'),(187,'Vulpix',6,5,'Floaroma Town'),(188,'Rattata',1,5,'Lentimas Town'),(189,'Rattata',6,5,'Lilycove City'),(190,'Snorlax',4,5,'Anville Town'),(191,'Ditto',5,5,'Vaniville Town'),(192,'Arcanine',4,5,'Snowpoint City'),(193,'Abra',2,5,'Nacrene City'),(194,'Vaporeon',0,5,'Four Island'),(195,'Nidoran',0,5,'Petalburg City'),(196,'Magnemite',5,5,'One Island'),(197,'Nidoqueen',2,5,'Floccesy Town'),(198,'Lapras',1,5,'Mauville City'),(199,'Pinsir',7,5,'Cyllage City'),(200,'Haunter',0,5,'Eterna City'),(201,'Onix',5,5,'Lavender Town'),(202,'Clefable',7,5,'Rustboro City'),(203,'Nidoqueen',1,5,'Veilstone City'),(204,'Gyarados',1,5,'Floccesy Town'),(205,'Charizard',7,5,'Slateport City'),(206,'Hitmonlee',9,5,'Mistralton City'),(207,'Voltorb',9,5,'Nacrene City'),(208,'Omastar',3,5,'Lavaridge Town'),(209,'Pidgeot',5,5,'Vermilion City'),(210,'Horsea',5,5,'Shalour City');
/*!40000 ALTER TABLE `stocks` ENABLE KEYS */;
UNLOCK TABLES;

--
-- Table structure for table `users`
--

DROP TABLE IF EXISTS `users`;
/*!40101 SET @saved_cs_client     = @@character_set_client */;
/*!50503 SET character_set_client = utf8mb4 */;
CREATE TABLE `users` (
  `id` int NOT NULL AUTO_INCREMENT,
  `login` varchar(255) NOT NULL,
  `password` varchar(255) NOT NULL,
  `is_admin` tinyint(1) NOT NULL,
  `name` varchar(255) NOT NULL,
  `first_name` varchar(255) NOT NULL,
  `weekly_hours` int NOT NULL DEFAULT '35',
  PRIMARY KEY (`id`)
) ENGINE=InnoDB AUTO_INCREMENT=7 DEFAULT CHARSET=utf8mb4 COLLATE=utf8mb4_0900_ai_ci;
/*!40101 SET character_set_client = @saved_cs_client */;

--
-- Dumping data for table `users`
--

LOCK TABLES `users` WRITE;
/*!40000 ALTER TABLE `users` DISABLE KEYS */;
INSERT INTO `users` VALUES (1,'test','9f86d081884c7d659a2feaa0c55ad015a3bf4f1b2b0b822cd15d6c15b0f00a08',1,'Ogba','Polp',35),(2,'ADupont','bdbe1102824076cc2f7634c53757e7255f5041e3b264c39687336cb7c9509628',0,'Dupont','Anna',20),(3,'PMartin','15e2b0d3c33891ebb0f1ef609ec419420c20e320ce94c65fbc8c3312448eb225',0,'Martin','Paul',16),(4,'JDelamama','2f7e30eb15f9e112f41ab150ec80e1c7bb280307fda7e4794afc0c85e99603be',0,'Delamama','Jérémy',26),(5,'ADupont','bdbe1102824076cc2f7634c53757e7255f5041e3b264c39687336cb7c9509628',0,'Dupont','Anna',21),(6,'JDelamama','2f7e30eb15f9e112f41ab150ec80e1c7bb280307fda7e4794afc0c85e99603be',0,'Delamama','Jérémy',20);
/*!40000 ALTER TABLE `users` ENABLE KEYS */;
UNLOCK TABLES;
/*!40103 SET TIME_ZONE=@OLD_TIME_ZONE */;

/*!40101 SET SQL_MODE=@OLD_SQL_MODE */;
/*!40014 SET FOREIGN_KEY_CHECKS=@OLD_FOREIGN_KEY_CHECKS */;
/*!40014 SET UNIQUE_CHECKS=@OLD_UNIQUE_CHECKS */;
/*!40101 SET CHARACTER_SET_CLIENT=@OLD_CHARACTER_SET_CLIENT */;
/*!40101 SET CHARACTER_SET_RESULTS=@OLD_CHARACTER_SET_RESULTS */;
/*!40101 SET COLLATION_CONNECTION=@OLD_COLLATION_CONNECTION */;
/*!40111 SET SQL_NOTES=@OLD_SQL_NOTES */;

-- Dump completed on 2022-03-15 21:50:14
